<?xml version="1.0" encoding="UTF-8"?>
<VAST version="3.0">
  <Ad id="1">
    <InLine>
      <AdSystem>Example</AdSystem>
      <AdTitle/>
      <Impression id="example"><![CDATA[http://example.com/view?tracking_event=impression&idzone=9999999]]></Impression>
      <Impression id="example2"><![CDATA[http://example.com/view2?tracking_event=impression&idzone=9999999]]></Impression>
      <Creatives>
        <Creative sequence="1" id="1">
          <Linear skipoffset="00:00:03">
            <TrackingEvents>
                <Tracking event="progress" offset="00:00:01.000"><![CDATA[http://example.com/view?tracking_event=progress&progress=00:00:01.000&idzone=9999999]]></Tracking>
                <Tracking event="progress" offset="00:00:02.000"><![CDATA[http://example.com/view?tracking_event=progress&progress=00:00:02.000&idzone=9999999]]></Tracking>
                <Tracking event="progress" offset="00:00:05.000"><![CDATA[http://example.com/view?tracking_event=progress&progress=00:00:05.000&idzone=9999999]]></Tracking>
                <Tracking event="progress" offset="00:00:05.000"><![CDATA[http://example.com/view2?tracking_event=progress&progress=00:00:05.000&idzone=9999999]]></Tracking>
                <Tracking event="progress" offset="00:00:09.000"><![CDATA[http://example.com/view?tracking_event=progress&progress=00:00:09.000&idzone=9999999]]></Tracking>
                <Tracking event="start"><![CDATA[http://example.com/view?tracking_event=start&idzone=9999999]]></Tracking>
                <Tracking event="firstQuartile"><![CDATA[http://example.com/view?tracking_event=firstQuartile&idzone=9999999]]></Tracking>
                <Tracking event="midpoint"><![CDATA[http://example.com/view?tracking_event=midpoint&idzone=9999999]]></Tracking>
                <Tracking event="midpoint"><![CDATA[http://example.com/view2?tracking_event=midpoint&idzone=9999999]]></Tracking>
                <Tracking event="midpoint"><![CDATA[http://example.com/view3?tracking_event=midpoint&idzone=9999999]]></Tracking>
                <Tracking event="thirdQuartile"><![CDATA[http://example.com/view?tracking_event=thirdQuartile&idzone=9999999]]></Tracking>
                <Tracking event="complete"><![CDATA[http://example.com/view?tracking_event=complete&idzone=9999999]]></Tracking>
            </TrackingEvents>
            <VideoClicks>
                <ClickThrough><![CDATA[http://example.com/]]></ClickThrough>
                <ClickTracking><![CDATA[http://example.com/view?tracking_event=click&idzone=9999999]]></ClickTracking>
                <ClickTracking><![CDATA[http://example.com/view2?tracking_event=click&idzone=9999999]]></ClickTracking>
            </VideoClicks>
            <MediaFiles>
              <MediaFile delivery="progressive" type="video/mp4"><![CDATA[pre-ad.mp4]]></MediaFile>
            </MediaFiles>
          </Linear>
        </Creative>
      </Creatives>
    </InLine>
  </Ad>
</VAST>